ピア,ぴあ,1292,1292,244,-9.8712
ピア,ピア,1292,1292,347,-10.5095
ピアス,ピアス,1285,1285,295,-10.6076
ピアニスト,ピアニスト,1285,1285,98,-10.6766
ピアノ,ピアノ,1285,1285,132,-9.1230
ピエール,ピエール,1289,1289,329,-9.9306
ピカソ,ピカソ,1290,1290,84,-9.6666
ピカチュウ,ピカチュウ,1289,1289,26,-9.6841
ピカピカ,ピカピカ,1281,1281,295,-10.5092
ピサ,ピサ,1293,1293,463,-10.7196
ピザ,ピザ,1285,1285,442,-10.7119
ピスタチオ,ピスタチオ,1289,1289,391,-10.2987
ピタパ,PiTaPa,1292,1292,118,-9.9582
ピッ,ピッ,1282,1282,64,-10.3367
ピックアップ,ピックアップ,1283,1283,64,-9.8887
ピッタリ,ぴったり,1281,1281,48,-8.9416
ピッタリ,ピッタリ,1281,1281,451,-9.0975
ピッタリ,ぴったり,1287,1287,48,-9.8940
ピッツバーグ,ピッツバーグ,1293,1293,138,-10.2830
ピノ,ぴの,1289,1289,501,-10.2120
ピノ,ピノ,1289,1289,203,-10.7693
ピュア,ピュア,1287,1287,66,-10.0341
ピョン,ぴょん,1281,1281,80,-10.4157
ピョンヤン,平壌,1293,1293,117,-9.8168
ピヨ,ぴよ,1289,1289,501,-10.1523
ピラー,ピラー,1292,1292,95,-10.2473
ピリ,ピリ,1289,1289,93,-10.5489
ピリカ,ピリカ,1289,1289,184,-10.7225
ピリピリ,ピリピリ,1282,1282,418,-10.3465
ピロゲル,広げる,619,619,481,-10.7166
ピン,ピン,1282,1282,64,-8.5632
ピン,ピン,1285,1285,64,-10.6866
ピンク,ピンク,1285,1285,242,-9.7027
ピンクノ,ピンクの,1285,368,17,-10.5979
ピント,ピンと,1282,328,17,-10.7371
ピンポイント,ピンポイント,1289,1289,320,-9.7413
ピー,ぴー,1281,1281,80,-9.5887
ピーアール,PR,1288,1288,363,-9.5875
ピーエス,PS,1288,1288,213,-9.8321
ピーエスピー,PSP,1289,1289,296,-9.6265
ピーエー,PA,1288,1288,20,-10.5806
ピーク,ピーク,1285,1285,143,-10.3151
ピーケー,PK,1288,1288,211,-10.7805
ピーシー,PC,1288,1288,431,-8.4201
ピーター,ピーター,1291,1291,255,-9.0110
ピーディーエフ,PDF,1288,1288,431,-10.4938
ピート,ピート,1291,1291,25,-10.1808
ピーブイ,PV,1288,1288,478,-8.7840
ピープル,ピープル,1292,1292,203,-10.5834
ピーマン,ピーマン,1285,1285,75,-10.6773