ムカイ,向かい,832,832,271,-6.0448
ムカウ,向かう,817,817,271,-6.0013
ムカエ,向かえ,826,826,271,-5.9955
ムカエ,迎え,625,625,258,-7.0279
ムカエル,迎える,619,619,258,-7.2837
ムカエロ,迎えろ,623,623,258,-7.2591
ムカツキ,ムカつき,689,689,501,-8.5311
ムカツク,ムカつく,679,679,501,-8.4905
ムカツケ,ムカつけ,685,685,501,-8.4905
ムカンケイ,無関係,1287,1287,468,-8.7001
ムキ,向き,689,689,379,-7.2190
ムキ,むき,689,689,4,-8.8047
ムキアイ,向き合い,832,832,438,-7.3323
ムキアウ,向き合う,817,817,438,-7.2888
ムキアエ,向き合え,826,826,438,-7.2831
ムク,向く,679,679,379,-7.1784
ムク,むく,679,679,437,-8.8147
ムケ,向け,1298,1298,442,-6.5857
ムケ,向け,625,625,442,-6.9061
ムケ,向け,685,685,379,-7.1784
ムケル,向ける,619,619,471,-7.4746
ムケロ,向けろ,623,623,471,-7.4500
ムコウ,無効,1287,1287,455,-8.6841
ムシ,無視,1283,1283,133,-8.3979
ムシ,蒸し,735,735,75,-8.7853
ムシロ,むしろ,1281,1281,468,-6.8309
ムスコ,息子,1285,1285,97,-7.8995
ムスビ,結び,759,759,481,-5.0397
ムスビツキ,結びつき,689,689,43,-8.5220
ムスビツク,結びつく,679,679,43,-8.4814
ムスビツケ,結びつけ,685,685,43,-8.4814
ムスブ,結ぶ,754,754,481,-5.0369
ムスベ,結べ,757,757,481,-5.0357
ムズカシ,難し,45,45,468,-5.0699
ムズカシ,難し,39,39,468,-5.1447
ムズカシイ,難しい,43,43,468,-5.3347
ムズカシイ〜,難しい〜,43,43,468,-6.2488
ムズカシイッ,難しいっ,43,43,468,-6.2455
ムズカシカレ,難しかれ,48,48,468,-5.0524
ムズカシキ,難しき,44,44,468,-5.0530
ムズカシク,難しく,51,51,468,-5.2148
ムズカシュウ,難しゅう,49,49,468,-5.0524
ムダ,無駄,1287,1287,169,-7.3523
ムチュウ,夢中,1287,1287,161,-8.5985
ムラカミ,村上,1290,1290,344,-8.4157
ムラダチ,群だち,844,844,501,-6.8219
ムラダテ,群だて,843,843,501,-6.8219
ムリ,無理,1287,1287,169,-6.0619
ムリョウ,無料,1285,1285,118,-8.1614
ムロマチジダイ,室町時代,1289,1289,464,-8.4815