メイカク,明確,1287,1287,169,-7.2469
メイショウ,名称,1285,1285,327,-8.0793
メイジ,命じ,625,625,301,-8.2511
メイジロ,命じろ,623,623,438,-8.5674
メイズ,命ず,593,593,193,-6.3295
メイズル,命ずる,592,592,193,-6.3309
メイレイ,命令,1283,1283,411,-8.5056
メイワク,迷惑,1287,1287,17,-7.4214
メキ,めき,978,978,80,-5.0703
メキシコ,メキシコ,1294,1294,272,-7.3797
メク,めく,953,953,389,-4.9333
メグリ,巡り,788,788,258,-8.4927
メグル,巡る,772,772,258,-8.3251
メグル,めぐる,772,772,43,-8.5314
メグレ,巡れ,784,784,258,-8.4814
メザシ,目指し,735,735,258,-5.9425
メザス,目指す,731,731,258,-5.8595
メザセ,目指せ,734,734,258,-5.8521
メズラシ,珍し,45,45,468,-6.6940
メズラシ,珍し,39,39,468,-6.7688
メズラシイ,珍しい,43,43,468,-6.9588
メズラシカレ,珍しかれ,48,48,468,-6.6765
メズラシキ,珍しき,44,44,468,-6.6771
メズラシク,珍しく,51,51,468,-6.8390
メズラシュウ,珍しゅう,49,49,468,-6.6765
メダチ,目立ち,743,743,471,-6.2423
メダツ,目立つ,738,738,471,-6.2442
メダテ,目立て,741,741,471,-6.2164
メチャ,めちゃ,1281,1281,244,-7.8982
メチャクチャ,めちゃくちゃ,1287,1287,17,-6.5083
メチャメチャ,めちゃめちゃ,1287,1287,56,-8.2938
メッチャ,めっちゃ,1281,1281,420,-6.2207
メディア,メディア,1285,1285,363,-8.5777
メルカリ,メルカリ,1292,1292,501,-7.4111
メンサ,面さ,586,586,432,-7.4655
メンシ,面し,735,735,432,-7.8742
メンシロ,面しろ,588,588,432,-7.3861
メンス,面す,584,584,432,-7.3939
メンスル,面する,583,583,432,-7.3898
メンタル,メンタル,1287,1287,154,-8.0561
メンドウ,面倒,1287,1287,161,-7.5865
メンドクサ,めんどくさ,11,11,501,-8.2421
メンドクサウ,めんどくさう,31,31,501,-8.0969
メンドクサカレ,めんどくさかれ,29,29,501,-8.0894
メンドクサキ,めんどくさき,21,21,501,-8.0896
メンドクサク,めんどくさく,35,35,501,-8.1724
メンドクサシ,めんどくさし,23,23,501,-8.0969
メンバー,メンバー,1285,1285,334,-7.7643
メートル,メートル,1300,1300,221,-6.4214
メール,メール,1283,1283,363,-8.3328