ポアロ,ポアロ,1289,1289,51,-10.7968
ポイ,ぽい,66,66,80,-5.1908
ポイ,ポイ,1281,1281,93,-10.3720
ポイント,ポイント,1300,1300,283,-8.0003
ポイント,ポイント,1285,1285,283,-8.2808
ポイントガ,ポイントが,1285,148,17,-10.3674
ポイントハ,ポイントは,1285,261,17,-10.4894
ポイントヲ,ポイントを,1285,156,17,-10.4049
ポウ,ぽう,84,84,331,-5.0820
ポカポカ,ポカポカ,1281,1281,501,-10.6165
ポカポカ,ぽかぽか,1281,1281,501,-10.6916
ポキ,ぽき,69,69,80,-4.1754
ポク,ぽく,90,90,150,-5.0951
ポケット,ポケット,1285,1285,64,-10.3407
ポケモン,ポケモン,1288,1288,26,-9.1260
ポジション,ポジション,1285,1285,198,-9.2899
ポジティブ,ポジティブ,1287,1287,66,-8.4638
ポジティブナ,ポジティブな,1287,454,17,-10.7412
ポスター,ポスター,1285,1285,445,-10.1550
ポスト,ポスト,1285,1285,215,-10.1002
ポチ,ぽち,1281,1281,54,-10.7993
ポチット,ポチッと,1281,1281,501,-10.9291
ポップ,POP,1289,1289,40,-9.9369
ポップ,ポップ,1287,1287,412,-10.3933
ポップ,ポップ,1285,1285,412,-10.7905
ポテチ,ポテチ,1289,1289,501,-10.0044
ポニーキャニオン,ポニーキャニオン,1292,1292,353,-9.5446
ポピュラー,ポピュラー,1287,1287,169,-10.6438
ポプラシャ,ポプラ社,1292,1292,136,-10.2012
ポリゴン,ポリゴン,1289,1289,431,-10.5102
ポリドール,ポリドール,1292,1292,353,-10.5219
ポリネシア,ポリネシア,1293,1293,240,-10.5052
ポルシェ,ポルシェ,1292,1292,168,-8.9762
ポルトガル,ポルトガル,1294,1294,240,-7.6540
ポロポロ,ポロポロ,1282,1282,501,-10.7469
ポン,ぽん,1282,1282,437,-8.8727
ポン,ポン,1289,1289,203,-9.2844
ポンド,ポンド,1300,1300,221,-8.1033
ポンポン,ポンポン,1281,1281,60,-10.9289
ポー,ポー,1293,1293,255,-9.8786
ポーズ,ポーズ,1283,1283,451,-9.7110
ポーツマス,ポーツマス,1293,1293,138,-10.2939
ポート,ポート,1285,1285,64,-10.7156
ポートフォリオ,ポートフォリオ,1285,1285,286,-10.8852
ポートランド,ポートランド,1292,1292,138,-9.3942
ポーラ,ポーラ,1291,1291,25,-10.5921
ポーランド,ポーランド,1294,1294,446,-7.1611
ポール,ポール,1291,1291,255,-8.8008
ポール,Paul,1289,1289,151,-10.1403
ポールマッカートニー,ポール・マッカートニー,1289,1289,196,-10.4720